kind,source_path,archive_path,lines,chars,sha256,headings
agents,2077-daily/AGENTS.md,corpus/agents/2077-daily/AGENTS.md,5,325,e3447d84251880fb34cfae09131cb4c57471529bbfe60976a3245793cf621627,# This is NOT the Next.js you know
agents,3d-agent/AGENTS.md,corpus/agents/3d-agent/AGENTS.md,28,1014,ae63fd31c3a66ec735b1c8e37c9b315975655d44ab6f8731ed915d92ea310083,# 3D Agent Maintenance Guide | ## Project State | ## Before Editing | ## Useful Commands | ## Deployment Notes
agents,AGENTS.md,corpus/agents/AGENTS.md,44,3853,c3aea6490de6ccdee1bbc745c71fb2a3808e8d427894b4ba7e33975b5e3c44e3,# Repository Working Guide | ## General Rules | ## Workspace Inventory Materials | ## Common Project Shapes | ## Verification Preferences | ## Codex Usage
agents,AI/AGENTS.md,corpus/agents/AI/AGENTS.md,33,1175,0ef6f55acb573ca5a65bdfc6aa4b938f360439643c1d457aa8d677541900a4b8,# AI / Ring Working Guide | ## Scope | ## Validation
agents,Aditum/AGENTS.md,corpus/agents/Aditum/AGENTS.md,6,310,3b5550c784d9ab441bd97ebe808d99b2b0d930c3e993ddd90ab3bbe54826e7ab,# Repository Guidelines
agents,Air/AGENTS.md,corpus/agents/Air/AGENTS.md,6,272,ffe195517fde5ae738cc2c6190b11f2254b9a404261fed217689cda4197421d2,# Repository Guidelines
agents,Life/AGENTS.md,corpus/agents/Life/AGENTS.md,6,268,384fa500a8f6c67fcdb7ebd0b8034a8ee62ddb902f6f7797c5240dc598712a6d,# Repository Guidelines
agents,Lifecat/AGENTS.md,corpus/agents/Lifecat/AGENTS.md,30,1430,5811fb5bf50ae35453c12e9fe1c28b7a91739deb35c6b9b178f11b798119d48d,# Lifecat Maintenance Guide | ## Project State | ## Before Editing | ## Useful Commands | ## Environment | ## Deployment Notes
agents,Papers/AGENTS.md,corpus/agents/Papers/AGENTS.md,18,801,dc2ae8e608161b735dd33462c7bd31b7fd0c30fcd748175fd540eaff462169be,# Repository Guidelines | ## Project Shape | ## Commands | ## Editing Rules
agents,_dot_github/AGENTS.md,corpus/agents/_dot_github/AGENTS.md,7,373,f6db6007e2659557c04fdd33600eae551718fbddde9ae91593f403f1c733c6d3,# Repository Guidelines
agents,ai-agent-agentscope/AGENTS.md,corpus/agents/ai-agent-agentscope/AGENTS.md,23,762,0ee404c92a2949f6ded06bd64ec9f73fcdf8ae93d3c71a746d34b0a4c8376bed,# Eino Agent Platform Working Guide | ## Scope | ## Validation
agents,ai-agent-agentscope-codereview/AGENTS.md,corpus/agents/ai-agent-agentscope-codereview/AGENTS.md,6,264,8924fd72e6ad9b65d8619e9dd6b7b0c88ab3b92b47871eef6174295b46240370,# Repository Guidelines
agents,ai-agent-agentscope-deepresearch/AGENTS.md,corpus/agents/ai-agent-agentscope-deepresearch/AGENTS.md,51,1872,d8854be7c20ad7c5e2a9264a5f93d32c16ec6504b60db331dca4b8aa812dd61c,# Repository Guidelines | ## Project Structure | ## Commands | ## Environment | ## Deployment | ## Maintenance Notes
agents,ai-chat-chrome/AGENTS.md,corpus/agents/ai-chat-chrome/AGENTS.md,41,1552,ef6e6c18d101e2f560641e00048675b4a20e0bb346fb13d93f8cba119ccacbd3,# Repository Notes | ## Structure | ## Working Rules | ## Validation
agents,ai-chat-chrome/hotel-compare/web/AGENTS.md,corpus/agents/ai-chat-chrome/hotel-compare/web/AGENTS.md,5,325,e3447d84251880fb34cfae09131cb4c57471529bbfe60976a3245793cf621627,# This is NOT the Next.js you know
agents,ai-chat-cr-chrome/AGENTS.md,corpus/agents/ai-chat-cr-chrome/AGENTS.md,6,255,41266588209102dd710e88a2b811cc01c1547cb5f14b7fea6f0a029c83df68ab,# Repository Guidelines
agents,ai-coding-mcp/AGENTS.md,corpus/agents/ai-coding-mcp/AGENTS.md,6,232,26ef94dd60e287f4d098428d681ad4ba92e371b2dc411d68a044b4adc6be4501,# Repository Guidelines
agents,ai-dify-dsl/AGENTS.md,corpus/agents/ai-dify-dsl/AGENTS.md,6,249,2ac81da4bcb0519e20cf4e927725c75f28ab64cad96c80535440ec3c3662fc8c,# Repository Guidelines
agents,ai-hackthon/agentverse/AGENTS.md,corpus/agents/ai-hackthon/agentverse/AGENTS.md,5,325,e3447d84251880fb34cfae09131cb4c57471529bbfe60976a3245793cf621627,# This is NOT the Next.js you know
agents,ai-home-care-platform/AGENTS.md,corpus/agents/ai-home-care-platform/AGENTS.md,5,325,e3447d84251880fb34cfae09131cb4c57471529bbfe60976a3245793cf621627,# This is NOT the Next.js you know
agents,ai-ops-script/AGENTS.md,corpus/agents/ai-ops-script/AGENTS.md,6,244,511429d562d89d29ab2412c0bc28ae79186c9d2e9726f2e5f96f365ab2a16d36,# Repository Guidelines
agents,anycap/anycap/AGENTS.md,corpus/agents/anycap/anycap/AGENTS.md,5,205,6e3a6330e120c29e4ee8564b3fa5ebe9bfb172dcdd785ba923bfd616654719a2,# AnyCap
agents,argue-agent/AGENTS.md,corpus/agents/argue-agent/AGENTS.md,27,1023,586497c91ce70f7873a89b23567aaf42ebf5d162c55c0dd8d4f5c21f8f3631b8,# Argue Agent Maintenance Guide | ## Project State | ## Before Editing | ## Useful Commands | ## Deployment Notes
agents,awesome-ai-ideas/AGENTS.md,corpus/agents/awesome-ai-ideas/AGENTS.md,29,989,fbf495997d7cbea4100874e1aac6f2af2e11bdfd71700beeb626936f368b34eb,# Awesome AI Ideas Working Guide | ## Scope | ## Validation | ## Local Notes
agents,awesome-ai-ideas/site/AGENTS.md,corpus/agents/awesome-ai-ideas/site/AGENTS.md,5,325,e3447d84251880fb34cfae09131cb4c57471529bbfe60976a3245793cf621627,# This is NOT the Next.js you know
agents,awesome-springfeistval/AGENTS.md,corpus/agents/awesome-springfeistval/AGENTS.md,21,741,b08fff1f13a20cae62b44a71a840f79b3415921fadde063b7362c789122afaa6,# Repository Guidelines | ## Project Shape | ## Commands | ## Environment | ## Editing Rules
agents,bci-research/web/AGENTS.md,corpus/agents/bci-research/web/AGENTS.md,5,325,e3447d84251880fb34cfae09131cb4c57471529bbfe60976a3245793cf621627,# This is NOT the Next.js you know
agents,books/Compiling-the-Dao/AGENTS.md,corpus/agents/books/Compiling-the-Dao/AGENTS.md,18,769,ecdf16b7fe51a617e795ae426767f040c1c3be46a383a8f3d4f7d0f081886304,# Repository Guidelines | ## Project Shape | ## Commands | ## Editing Rules
agents,brag/ai_claude_code/_dot_claude/commands/monitoring/AGENTS.md,corpus/agents/brag/ai_claude_code/_dot_claude/commands/monitoring/AGENTS.md,44,1217,f4799ec0e303d3bf7250ccc3ed3fe52405d4cd53de84a1eeabad3f61528f5bb5,# List Active Patterns | ## 🎯 Key Principle | ## MCP Tool Usage in Claude Code | ## Parameters | ## Description | ## Details | ## Example Usage | ## Important Reminders | ## See Also
agents,brag/ai_cli/AGENTS.md,corpus/agents/brag/ai_cli/AGENTS.md,177,5322,39c13e39af64e4a4b56e31302d6ac15a3e79966516ca4e9aececb750e944ebab,# AI CLI Project - Agent Guidelines | ## Project Overview | ## Build/Test Commands | ### Main Commands | # Development | # Build & Production | # Code Quality | # Testing | ### Running a Single Test | # Run specific test file | # Run tests matching pattern | # Watch mode for specific test | ### Web App (ai_tools/ai-tools/website) | ## Code Style Guidelines | ### Formatting & Linting | ### Imports | ### Vue Components | ### Naming Conventions | ### Error Handling | ### Testing (Vitest) | ### File Organization | ### Documentation | ### Git Workflow | ### Performance | ### Security | ## Quick Reference | ## Important Notes
agents,brag/ai_codex/AGENTS.md,corpus/agents/brag/ai_codex/AGENTS.md,3,185,b5ef596bbceed3d0c4cfc75a9d51241dbfbe47d2e298b406ff2927990c8821f2,# Rules
agents,brag/ai_tools/AGENTS.md,corpus/agents/brag/ai_tools/AGENTS.md,37,2100,07aa3ed207934c39ce7bbe992542011eb14e3cd39bd2d62040e1e9c792ba102e,"# Repository Guidelines | ## Project Structure & Module Organization | ## Build, Test, and Development Commands | ## Coding Style & Naming Conventions | ## Testing Guidelines | ## Commit & Pull Request Guidelines | ## Security & Configuration Tips"
agents,brag/ai_tools/ai-tools/AGENTS.md,corpus/agents/brag/ai_tools/ai-tools/AGENTS.md,40,2038,e7fbb5880adaa9e0fd322a9d182b527b1619e4db75a38e6e8cadb159325fa989,# Repository Guidelines | ## Project Structure | ## Commands | ## Deployment | ## Environment | ## Maintenance Notes
agents,capa/AGENTS.md,corpus/agents/capa/AGENTS.md,31,1201,94b905b1d473b1a40a7098469e50a30048c0524b2a4731d4235364d027838cf4,# Capa Runtime Maintenance Guide | ## Project State | ## Before Editing | ## Useful Commands | ## Environment | ## Deployment Notes
agents,capa-java/AGENTS.md,corpus/agents/capa-java/AGENTS.md,7,296,144583488f1656276ea3297b54116ffd41da277e2d6cb6f379f63476b1c407b5,# Repository Guidelines
agents,capa-java-aws/AGENTS.md,corpus/agents/capa-java-aws/AGENTS.md,7,293,ee3ad536197125f50788c11c1a94cd527c3c0527f084e8de25a25d9c62f802d4,# Repository Guidelines
agents,cloud-runtimes-golang/AGENTS.md,corpus/agents/cloud-runtimes-golang/AGENTS.md,7,287,c3381f5c1380b0d99b49798af4b2c12266bdaeb8959b2e88a0031ca40bb4308c,# Repository Guidelines
agents,cloud-runtimes-jvm/AGENTS.md,corpus/agents/cloud-runtimes-jvm/AGENTS.md,7,291,d970a15aac1f76b56cc37cd4001effd4362e4dd7059a809001929e7fa23a8807,# Repository Guidelines
agents,cloud-runtimes-python/AGENTS.md,corpus/agents/cloud-runtimes-python/AGENTS.md,7,302,1c35633edd6b3f40d158080287bfeea0dbbe7ba50739bc407dedd233ee359897,# Repository Guidelines
agents,docs/AGENTS.md,corpus/agents/docs/AGENTS.md,6,241,813898ea46ead02f357c9b8b7e5c096eeb4287903fd39d0da911fb723ee29720,# Repository Guidelines
agents,dog-agent/AGENTS.md,corpus/agents/dog-agent/AGENTS.md,35,1095,bcab3bc77e7081920c3b11d1bb6573e0ef677cacbe2b35eace02b0d09f56ac0e,# PawPal Dog Agent Maintenance Guide | ## Project State | ## Before Editing | ## Useful Commands | ## Environment | ## Deployment Notes
agents,english-agent/AGENTS.md,corpus/agents/english-agent/AGENTS.md,22,1067,78f0d5a2623674b8ae9f9226787b174631e96528604bdc839c64014d91a3e3a8,# Repository Notes | ## Working Rules | ## Validation
agents,fish-agent/AGENTS.md,corpus/agents/fish-agent/AGENTS.md,23,1013,5921c78b4512e4493e3f1c681f405fd5c19a85c708b76e7fb20505d6fae7206b,# Repository Notes | ## Working Rules | ## Validation
agents,harness/AGENTS.md,corpus/agents/harness/AGENTS.md,31,1047,9d5144ef4afc06054c46bac3f0a7c004beacd10b99238b22c7c9f7f663320e95,# Harness Working Guide | ## Scope | ## Validation
agents,harness/mini-harness/AGENTS.md,corpus/agents/harness/mini-harness/AGENTS.md,6,237,428a0f3785aa361fc6d185e752eda5fc1515e6a054d7bdd6520a08ce26327f07,# Repository Guidelines
agents,health-agent/AGENTS.md,corpus/agents/health-agent/AGENTS.md,25,1246,e1600190cd571fb779327a9e31a19d9c0360715d010c83f623ef51b459f46a25,# Repository Notes | ## Working Rules | ## Validation
agents,ikun/CXK_IKUN_Dataset/AGENTS.md,corpus/agents/ikun/CXK_IKUN_Dataset/AGENTS.md,6,227,ccf31019936d527a4bfaababbe970760542edaf063d8df03de86cb4de04faed7,# Repository Guidelines
agents,ikun/Chinese-iKUN/AGENTS.md,corpus/agents/ikun/Chinese-iKUN/AGENTS.md,6,272,82fb3818d9df1eb6c644313526c77ac1fb3dd3d9c05eb06c0713d53568c7ab43,# Repository Guidelines
agents,ikun/Jilehe/AGENTS.md,corpus/agents/ikun/Jilehe/AGENTS.md,6,221,0d63f04ac7bfd4fd380f4035676a2f65b091d89ea710fc9abcc3979b6fcd9cca,# Repository Guidelines
agents,ikun/_dot_github/AGENTS.md,corpus/agents/ikun/_dot_github/AGENTS.md,6,259,e4df1cb9a3189e83ca56fd2ad9056045928c6a1e5293a5e941052685f12f0109,# Repository Guidelines
agents,ikun/ikun/AGENTS.md,corpus/agents/ikun/ikun/AGENTS.md,7,301,fb2a6d870ca3c37b8dae80fd3d1473a5f8e749577204f2ce34e093d76373de40,# Repository Guidelines
agents,ikun/ikun-2.5B/AGENTS.md,corpus/agents/ikun/ikun-2.5B/AGENTS.md,6,272,f512c07a1e29037ceb8fcfe362a1feede88a1b012c1711d1670a39bad23890bf,# Repository Guidelines
agents,ikun/ikun-DPO/AGENTS.md,corpus/agents/ikun/ikun-DPO/AGENTS.md,6,234,b003d6f7263f9560c23c2a87d3e0a09c4dc90522f80068d16a428a34a5d4fcad,# Repository Guidelines
agents,ikun/ikun-Distill/AGENTS.md,corpus/agents/ikun/ikun-Distill/AGENTS.md,6,246,e61227b8bc7740f8084676e82abc0d440e9e9a64c0df1ee2c39b6f6cc82b15d4,# Repository Guidelines
agents,ikun/ikun-GRPO/AGENTS.md,corpus/agents/ikun/ikun-GRPO/AGENTS.md,6,252,cb5553be4b7e4477514977de3d4f9edc7758118e5a45a74cbcab473919d93dbe,# Repository Guidelines
agents,ikun/ikun-MoE/AGENTS.md,corpus/agents/ikun/ikun-MoE/AGENTS.md,6,245,9480cfcc7dc02a3fc397380e48c8214fd0c4b2c7939ac431ba3eb399c91676a3,# Repository Guidelines
agents,ikun/ikun-Reason/AGENTS.md,corpus/agents/ikun/ikun-Reason/AGENTS.md,6,232,1070ae97bcd1a7e17e6888491cf5fe4a56a4ab0296ec25ab82787e0d46d26600,# Repository Guidelines
agents,ikun/ikun-V/AGENTS.md,corpus/agents/ikun/ikun-V/AGENTS.md,6,240,c42843b61f5eb241f02b58bfc02d142808a6f19286fe5f6a145a80614bf966d2,# Repository Guidelines
agents,ikun/ikun-basics/AGENTS.md,corpus/agents/ikun/ikun-basics/AGENTS.md,6,250,69181d003f0ed6e7194e2360256b0b4759bb77460d4bda4b00d4314429c0e270,# Repository Guidelines
agents,ikun/ikun-call/AGENTS.md,corpus/agents/ikun/ikun-call/AGENTS.md,21,825,66d0a64b6e51d4b7070603c04403cb811e70fcc8f0fd4879e5bd98f407359793,# Repository Guidelines | ## Project Shape | ## Commands | ## Environment | ## Editing Rules
agents,ikun/ikun-deploy/AGENTS.md,corpus/agents/ikun/ikun-deploy/AGENTS.md,6,252,fc138d2d4d403d276e10aca9a117082db1a987e2f16cf4c21a87d7c43bcc9ca8,# Repository Guidelines
agents,ikun/ikun-mouse/AGENTS.md,corpus/agents/ikun/ikun-mouse/AGENTS.md,6,231,cea90e0e3d7c791efffc2cd2ad58c47d5ed88b705880ab4d60a9055318b65828,# Repository Guidelines
agents,ikun/ikun-pretrain/AGENTS.md,corpus/agents/ikun/ikun-pretrain/AGENTS.md,6,257,d459a604a898df1528324c100102b8591f2cad14d9d758dea537874ab146f73e,# Repository Guidelines
agents,ikun/ikun-tokenizer/AGENTS.md,corpus/agents/ikun/ikun-tokenizer/AGENTS.md,6,238,216f21be7b51569c7864620f8f7b1673aabb6ebceccaa3c6f4244106a9dc7afc,# Repository Guidelines
agents,ikun/ikun-ui/AGENTS.md,corpus/agents/ikun/ikun-ui/AGENTS.md,18,628,ad85bc61c243fe018bde855a2ec773ad19c9ad17e8186cb12bff2c77320a526b,# Repository Guidelines | ## Project Shape | ## Commands | ## Editing Rules
agents,ikun/ji/AGENTS.md,corpus/agents/ikun/ji/AGENTS.md,17,643,71423ea12ed30f8bacca6d35390231e2d56f20f02e494630d3f96e2fbdc7cae4,# Repository Guidelines | ## Project Shape | ## Commands | ## Editing Rules
agents,ios/embodied-agent/AGENTS.md,corpus/agents/ios/embodied-agent/AGENTS.md,6,216,fc586b783d49f388578d014ed6cddfa4b3e49b9c28df49cb3901e91840bf8727,# Repository Guidelines
agents,ios/unitree_mujoco/AGENTS.md,corpus/agents/ios/unitree_mujoco/AGENTS.md,6,276,647ed92aa27984a2eb43b7a5511f5f365d5920094327d180a55ad6600da089ac,# Repository Guidelines
agents,ios/unitree_sdk2_python/AGENTS.md,corpus/agents/ios/unitree_sdk2_python/AGENTS.md,6,281,54864658a74b87c57e2e98cae26994ef8bb702aef303aa192602a531c371f187,# Repository Guidelines
agents,kevinten10.github.io/next-portfolio/AGENTS.md,corpus/agents/kevinten10.github.io/next-portfolio/AGENTS.md,5,325,e3447d84251880fb34cfae09131cb4c57471529bbfe60976a3245793cf621627,# This is NOT the Next.js you know
agents,kimi/Kimi_Agent_二手智能定价/app/AGENTS.md,corpus/agents/kimi/Kimi_Agent_二手智能定价/app/AGENTS.md,33,1047,deb8bd1a4593f6fb91879f310f8ddee30a867bb486b81bedbd577e4269ad91b7,# AI Secondhand Pricing Maintenance Guide | ## Project State | ## Before Editing | ## Useful Commands | ## Environment | ## Deployment Notes
agents,langchain/ai-agent-langgraph/AGENTS.md,corpus/agents/langchain/ai-agent-langgraph/AGENTS.md,33,1223,e235261bbf1d607f2e742f91842ca4f39c5662357f02c2a05680edbaffcccf48,# AI Agent LangGraph Maintenance Guide | ## Project State | ## Before Editing | ## Useful Commands | ## Environment | ## Deployment Notes
agents,law-agent/AGENTS.md,corpus/agents/law-agent/AGENTS.md,27,1121,37e159738cf9573e8daabcd4c96ffb149706fab076a779b682202bd56c6d6ff7,# Law Agent Maintenance Guide | ## Project State | ## Before Editing | ## Useful Commands | ## Deployment Notes
agents,leetcode/AGENTS.md,corpus/agents/leetcode/AGENTS.md,18,1187,38b17ebe2868480048d86ea55344bea126223c11bfff0ad1fb9f126502e17730,# Repository Notes | ## Working Rules | ## Checks
agents,maichong/AGENTS.md,corpus/agents/maichong/AGENTS.md,56,3187,b3b8a5864e9dfcc33af902b212aead12794f2ec2a22f3664c95f6c8b9aa3989a,"# Repository Guidelines | ## Project Structure & Module Organization | ## Build, Test, and Development Commands | ## Coding Style & Naming Conventions | ## Testing Guidelines | ## Commit & Pull Request Guidelines | ## Security & Configuration Tips"
agents,mcp-3d-gen/AGENTS.md,corpus/agents/mcp-3d-gen/AGENTS.md,6,268,07324a2b9a85a0ad9f5e27536b763693b709038a62d5ad27cb86736752484890,# Repository Guidelines
agents,mcp-content-styles/AGENTS.md,corpus/agents/mcp-content-styles/AGENTS.md,6,241,4aef485e8225e431dcb7771ffc778e4844bbbe9e8148eeb488bf7fc5be9f078f,# Repository Guidelines
agents,mcp-ecosystem/AGENTS.md,corpus/agents/mcp-ecosystem/AGENTS.md,6,232,03a262568d8f1a149621e9850cad9101bca833fb81c7d7047dcffdf931817739,# Repository Guidelines
agents,mcp-ffmpeg/AGENTS.md,corpus/agents/mcp-ffmpeg/AGENTS.md,6,241,b0a7b7fda6a517e38833b569459caf99752d4f8592dfea32d5bede6ceb05d8b8,# Repository Guidelines
agents,mcp-http-proxy/AGENTS.md,corpus/agents/mcp-http-proxy/AGENTS.md,32,1095,e5037de1a0213efce4ac04975968f90e96ff57fc31f9709b45c3820f060f813a,# MCP HTTP Proxy Maintenance Guide | ## Project State | ## Before Editing | ## Useful Commands | ## Environment | ## Deployment Notes
agents,minimind/AGENTS.md,corpus/agents/minimind/AGENTS.md,22,1298,e6a7b8a5a336aa153e793b9812b93ac97baaa4c527bbf37e6f3def4666a2c25e,# Repository Notes | ## Working Rules | ## Relevant Commands
agents,minimind/website/AGENTS.md,corpus/agents/minimind/website/AGENTS.md,5,325,e3447d84251880fb34cfae09131cb4c57471529bbfe60976a3245793cf621627,# This is NOT the Next.js you know
agents,money-agent/AGENTS.md,corpus/agents/money-agent/AGENTS.md,49,2026,47a7d544bd8a26d98799248340cd0d915aeaea152dfce39f21f543cd338a564c,# Repository Guidelines | ## Project Structure | ## Commands | ## Environment | ## Deployment | ## Maintenance Notes
agents,name-agent/AGENTS.md,corpus/agents/name-agent/AGENTS.md,30,1171,7bb2881032ace4d8abd1127cfb349dc80116c6d9c0e7800171a46cdf7e5c9cab,# Name Agent Working Guide | ## Local Rules | ## Commands | ## Deployment
agents,open-octopus/_dot_github/AGENTS.md,corpus/agents/open-octopus/_dot_github/AGENTS.md,7,293,873200171376f6287bc1209fda3b8f3d852de1f6e9e72ff04ca79a89ccb5c6b8,# Repository Guidelines
agents,open-octopus/casa/AGENTS.md,corpus/agents/open-octopus/casa/AGENTS.md,6,250,a2b6139bb3ae20c697d69d3850bec96e3874aa1f0b91fe0f146f9da404e5b96a,# Repository Guidelines
agents,open-octopus/community/AGENTS.md,corpus/agents/open-octopus/community/AGENTS.md,7,295,aa65be92509a39d119c432357a3eb1123a56c446134065a44593497b06d97f52,# Repository Guidelines
agents,open-octopus/coral/AGENTS.md,corpus/agents/open-octopus/coral/AGENTS.md,6,243,5b2f289729d3e673976011baf503826cf8abc15f8be07044d84b730735e7daf9,# Repository Guidelines
agents,open-octopus/homebrew-tap/AGENTS.md,corpus/agents/open-octopus/homebrew-tap/AGENTS.md,7,294,fc6715d20ec5d49e63d8ceebe54bd19b20bbc8f6e66332fa76716bb842e37ae8,# Repository Guidelines
agents,open-octopus/mcp-discord/AGENTS.md,corpus/agents/open-octopus/mcp-discord/AGENTS.md,22,827,dcb7287a708e88956137e568b6a9b4ba0821464d799ce2d4db2b4ef3ba52a839,# Repository Guidelines | ## Project Shape | ## Commands | ## Environment | ## Editing Rules
agents,open-octopus/openoctopus-ansible/AGENTS.md,corpus/agents/open-octopus/openoctopus-ansible/AGENTS.md,31,1308,cdfa77d7c425052af331742fd6c5c853eaf092027aa7c47c2a97d0435189b581,# OpenOctopus Ansible Maintenance Guide | ## Project State | ## Before Editing | ## Useful Commands | ## Environment | ## Deployment Notes
agents,open-octopus/openoctopus.club/AGENTS.md,corpus/agents/open-octopus/openoctopus.club/AGENTS.md,32,1002,0e20a98812bc565f37f2125a34acba6e02dcabede7459d3a7b434fda38e6b516,# openoctopus.club Maintenance Guide | ## Project State | ## Before Editing | ## Useful Commands | ## Environment | ## Deployment Notes
agents,open-octopus/realmhub/AGENTS.md,corpus/agents/open-octopus/realmhub/AGENTS.md,22,776,c02f85ffee9f008c50194725316840f1f940b0967477c2b5483ad3e75ec51969,# Repository Guidelines | ## Project Shape | ## Commands | ## Environment | ## Editing Rules
agents,open-octopus/realms/AGENTS.md,corpus/agents/open-octopus/realms/AGENTS.md,6,236,6dd8beab12cdf8db7f13b9642ab5c2339f49e056060c6737161bb5d3d89bede1,# Repository Guidelines
agents,open-octopus/reef-bot/AGENTS.md,corpus/agents/open-octopus/reef-bot/AGENTS.md,24,703,39cb7a5b80cc08f030f131f1ae8d7ed43c40d80f113bb57a245baad5842685de,# Repository Guidelines | ## Project Shape | ## Commands | ## Environment | ## Editing Rules
agents,open-octopus/soul-gallery/AGENTS.md,corpus/agents/open-octopus/soul-gallery/AGENTS.md,6,237,07af0e35caf8cc0e922c24b91e7463b88f3e11017a5bc10a2fb991da78eadb74,# Repository Guidelines
agents,openclawpool/AGENTS.md,corpus/agents/openclawpool/AGENTS.md,5,325,e3447d84251880fb34cfae09131cb4c57471529bbfe60976a3245793cf621627,# This is NOT the Next.js you know
agents,pua-cli/AGENTS.md,corpus/agents/pua-cli/AGENTS.md,22,778,c5eed4ac87d7a5114d5fd3e759809fe61fc0a00347b5c886db3f4338d64f928c,# Repository Guidelines | ## Project Shape | ## Commands | ## Environment | ## Editing Rules
agents,sb/AGENTS.md,corpus/agents/sb/AGENTS.md,26,842,5a5e710608bd4ed30a7b71053c6757bcc8ec0c394952c8b7073d1ad3b0ce9dca,# S.B. Smart Brain Maintenance Guide | ## Project State | ## Before Editing | ## Useful Commands | ## Deployment Notes
agents,trip-ava/AGENTS.md,corpus/agents/trip-ava/AGENTS.md,28,828,4d650b3745b2698e7544d5385e477ff9c84216fbaee13ca985d903943c9464fe,# Trip-AVA Maintenance Guide | ## Project State | ## Before Editing | ## Useful Commands | ## Deployment Notes
agents,trip-map/AGENTS.md,corpus/agents/trip-map/AGENTS.md,23,779,7ea556ee947ad7f4208808aab80c36964bf53c8e5be4c33ab3c1cf83149deb12,# Repository Guidelines | ## Project Shape | ## Commands | ## Environment | ## Editing Rules
agents,vedio-agent/AGENTS.md,corpus/agents/vedio-agent/AGENTS.md,36,1647,599de1a86d919e0358826090ce57f58a17e6b0e8c9e2510c7409c4a2d0f42e42,# Repository Guidelines | ## Project Structure | ## Commands | ## Deployment | ## Content Maintenance
agents,vietnam-agent/AGENTS.md,corpus/agents/vietnam-agent/AGENTS.md,19,760,9b1029de044c2b46e2de9a03c3502acbb4f36ed7c88ffd428776232401ed4a38,# Repository Guidelines | ## Project Shape | ## Commands | ## Editing Rules
agents,yuanjie/AGENTS.md,corpus/agents/yuanjie/AGENTS.md,29,1265,d5065c5c5b01589228a69ae7993b9379ac0f0c17a656c6dd980b3d8a6fe9459f,# Yuanjie Working Guide | ## Local Rules | ## Verification | ## Related Materials
agents,yuanjie-ar-mp/AGENTS.md,corpus/agents/yuanjie-ar-mp/AGENTS.md,30,1277,2ab78c00f03609ea772b2fdd39c2fe98eeb7bdad690bb1cc1d22213759e7a8c1,# Yuanjie AR Mini Program Maintenance Guide | ## Project State | ## Before Editing | ## Useful Commands | ## Environment | ## Deployment Notes
claude,2077-daily/CLAUDE.md,corpus/claude/2077-daily/CLAUDE.md,1,11,336cc4fbf19beaada7ccf9986414fa91851a8d7a07dfb3ccbe800a69eed0ab49,
claude,AI/CLAUDE.md,corpus/claude/AI/CLAUDE.md,296,6637,969ade3e20cfbf16242428b9ad58a73609e1dccc97394fdba66fe19366d0e3bf,# CLAUDE.md | ## 项目概述 | ## 目录结构 | ## 编号系统 | ## 命名规范 | ### 技术目录 | ### 生活目录 | ### 通用规则 | ## AI 3D模型生成器 | ### 常用命令 | # 进入项目目录 | # 安装依赖 | # 启动应用（开发模式） | # 启动应用（生产模式） | # 使用 Python 直接启动 | # 运行测试（如果有） | ### 配置文件 | ### 架构概览 | ### 数据流 | ### 关键模块说明 | ### 打印机规格（拓竹 P1SC） | ## PowerShell 脚本 | ### 模型整理脚本 | # 运行模型整理脚本 | # 查看 PowerShell 脚本编码（必须是 UTF-8 with BOM） | ### PowerShell 脚本规范 | ## 文件组织规范 | ### 3D模型命名 | ### 文件格式优先级 | ## 依赖要求 | ### Python 版本 | ### 主要依赖 | ## 沟通语言 | ## 关键设计决策
claude,Claude-Code-Game-Studios/CLAUDE.md,corpus/claude/Claude-Code-Game-Studios/CLAUDE.md,103,4023,1777b43ece1d200e5eb519ceef82788f31e3529d98f93ec3638cce3309ef6a6f,# CLAUDE.md | ## What This Is | ## Agent Architecture | ## Technology Stack | ## Automated Safety (Hooks) | ## Collaboration Protocol | ## Key Workflows | ## Session Recovery | ## Project Structure | ## Engine Version Reference | ## Technical Preferences | ## Coordination Rules | ## Coding Standards | ## Context Management
claude,OpenOctopus/CLAUDE.md,corpus/claude/OpenOctopus/CLAUDE.md,152,8373,f4b999c43763f49436a0c0b27e373279c58d86bfc6a5a1ef8470b7e87963b655,# CLAUDE.md | ## Project Overview | ## Tech Stack | ## Monorepo Structure | ## Commands | ## Core Domain Model | ## Naming Conventions & Ecosystem | ## Key Design Decisions | ## Gateway Architecture | ## Configuration | ## Docker Deployment | ## Rules | ## Documentation
claude,Papers/CLAUDE.md,corpus/claude/Papers/CLAUDE.md,61,2935,d1b72ffb740382037431838fc5ec4ca5bdb8d3de10d673e2a43fbbabaabd9fcc,# CLAUDE.md | ## Project Overview | ## Commands | ## Architecture | ### Static Site Structure | ### Knowledge Base Index Generator | ### Content Organization | ### Deployment | ### Frontend Assets | ## Key Conventions
claude,TripMeta/CLAUDE.md,corpus/claude/TripMeta/CLAUDE.md,245,10480,99881f442a5c331b093d486507096ffa54b659ae5689cd06ca93031549f70e88,# CLAUDE.md | ## Project Overview | ## Project Structure | ## Development Commands | ### Unity Project | ### Testing | ### Key Unity Packages (from manifest.json) | ## Architecture Patterns | ### Application Bootstrap | ### Dependency Injection | ### AI Service Architecture | ### VR System | ### Event System | ### Error Handling | ## Configuration System | ## Development Guidelines | ### C# Coding Standards | ### Unity-Specific Patterns | ### Async/Await Patterns | ### Service Registration Pattern | ## Important Notes | ### Platform Target | ### Performance Targets for VR | ### Critical Constraints | ### Common Issues | ## Common Workflows | ### Adding a New AI Service | ### Adding VR Interaction | ### Performance Profiling | ### Debugging AI Services | ## Documentation | ## Upgrade Planning
claude,ai-agent-crewai/CLAUDE.md,corpus/claude/ai-agent-crewai/CLAUDE.md,31,1046,bad327e7cab1f7383eac8192b6f0b5584729ae2bccc354b6f5766bb87e145b87,# CLAUDE.md | ## Project Overview | ## Status | ## Development Setup | # Create and activate virtual environment | # Install dependencies (once requirements exist) | # or if using pyproject.toml: | ## Key CrewAI Concepts
claude,ai-archi-analyzer/CLAUDE.md,corpus/claude/ai-archi-analyzer/CLAUDE.md,95,5076,9225ff67937caafd05febf9985397504b01b905bcf9a924a647064fe3be401f2,"# CLAUDE.md | ## Project Overview | ## Commands | # Install dependencies | # Or editable install | # Run the API server (port 8000, requires .env with ARCHI_MCP__ENDPOINT set) | # Alternative | # Tests | # Linting / formatting | ## Architecture | ### Pipeline Flow (4 stages) | ### Key Layers | ### Task Lifecycle | ### Configuration System | ### Extension Points | ## Conventions"
claude,ai-chat-chrome/hotel-compare/web/CLAUDE.md,corpus/claude/ai-chat-chrome/hotel-compare/web/CLAUDE.md,1,11,336cc4fbf19beaada7ccf9986414fa91851a8d7a07dfb3ccbe800a69eed0ab49,
claude,ai-codereview-web/CLAUDE.md,corpus/claude/ai-codereview-web/CLAUDE.md,21,750,31f61e8c8de106303cada728ac70336141b771b68f82a2c1daf56e58cc65ef20,# CLAUDE.md | ## Project | ## Development
claude,ai-hackthon/agentverse/CLAUDE.md,corpus/claude/ai-hackthon/agentverse/CLAUDE.md,1,11,336cc4fbf19beaada7ccf9986414fa91851a8d7a07dfb3ccbe800a69eed0ab49,
claude,ai-home-care-platform/CLAUDE.md,corpus/claude/ai-home-care-platform/CLAUDE.md,1,11,336cc4fbf19beaada7ccf9986414fa91851a8d7a07dfb3ccbe800a69eed0ab49,
claude,ai-meeting-web/CLAUDE.md,corpus/claude/ai-meeting-web/CLAUDE.md,42,2754,eab4d9ceec93824df55b7246429de0253a4ad17d2f4ed8bef415b06368cdde3a,# CLAUDE.md | ## Project Overview | ## Commands | ## Architecture | ## Conventions
claude,ai-rag-pipeline/CLAUDE.md,corpus/claude/ai-rag-pipeline/CLAUDE.md,79,3377,d4791cbff1d1c4f5b7507f4a757884f4b38572cb456a6c46ca8a3162bc8af1c8,# CLAUDE.md | ## Project Overview | ## Commands | # Install dependencies | # Run full pipeline | # Run individual stages | # Testing | # Lint | # Build (lint + test) | # Dev mode (Node --watch) | # Docker | ## Architecture | ## Key Conventions | ## Test Coverage | ## CLI Flags
claude,awesome-ai-ideas/site/CLAUDE.md,corpus/claude/awesome-ai-ideas/site/CLAUDE.md,1,11,336cc4fbf19beaada7ccf9986414fa91851a8d7a07dfb3ccbe800a69eed0ab49,
claude,bci-research/CLAUDE.md,corpus/claude/bci-research/CLAUDE.md,58,2803,54477703bc58e88fb8a683384400d44cd4ea1400a55e26ac43065e698d3f6c33,# CLAUDE.md | ## Project Overview | ## Document Architecture | ## Writing Conventions | ## BCI Agent MVP (`app/`) | ### Commands | # Run tests | # Run the agent (needs ANTHROPIC_API_KEY in .env) | ### Architecture | ## References
claude,bci-research/web/CLAUDE.md,corpus/claude/bci-research/web/CLAUDE.md,1,11,336cc4fbf19beaada7ccf9986414fa91851a8d7a07dfb3ccbe800a69eed0ab49,
claude,bin/CLAUDE.md,corpus/claude/bin/CLAUDE.md,44,1857,ef3ed1bbe35b57271e3bbe400458accf2996369bf0dfebdcfc2b0a6058469c08,# CLAUDE.md | ## Overview | ## Commands | ## Architecture | ## Supported Providers | ## Environment Variables
claude,books/CLAUDE.md,corpus/claude/books/CLAUDE.md,55,2330,da76df9941f5d0a562df19126b2aa0da4f8f69920eebd1baf3d91d008e0d5f37,# CLAUDE.md | ## Project Overview | ## Repository Structure | ### CodeGodChronicles layout: | ## Key World-Building Concepts | ## Commit Message Convention | ## Writing Guidelines
claude,brag/AI创意/一站式会议助手/CLAUDE.md,corpus/claude/brag/AI创意/一站式会议助手/CLAUDE.md,139,4679,040d4710bcd2d874698ebb1e7ebc37dff24fff9bf385513e80093345f184702b,# CLAUDE.md | ## Project Overview | ## Common Development Commands | ### ai-meeting-web (React + Vite) | ### ai-meeting-web-next (Next.js) | ## Architecture | ### AI Service Pattern | ### State Management | ### Meeting Planning Workflow | ### Design System | ## TypeScript Configuration | ## Code Quality Tools | ## Key Files Reference | ### React Implementation | ### Next.js Implementation | ## Engine Requirements | ## Development Notes
claude,brag/AI创意/摩托车社区/CLAUDE.md,corpus/claude/brag/AI创意/摩托车社区/CLAUDE.md,163,5892,9dfdfef83d31748535b474e7892703e82544127c9fa352f3676eb215f7cebd8e,# CLAUDE.md | ## Project Overview | ## Common Commands | ### Frontend Development | ### Cloud Functions (WeChat Mini Program Backend) | ## Architecture Overview | ### Frontend Architecture | ### Type System | ### Backend Architecture | ## Design System | ## Important Development Notes | ### Data Flow | ### Map Integration | ### Mobile Navigation | ### Route Upload Flow | ### State Management Patterns | ## Known Constraints & Future Plans
claude,brag/CLAUDE.md,corpus/claude/brag/CLAUDE.md,250,5294,be34c31a43541484ce49a4fa98b69d1bcfe844d815b5dabe1006781e91de659a,# CLAUDE.md | ## 项目概述 | ## 项目结构 | ### 核心目录 | ### AI 技术栈 | ## 开发规范 | ### 文档命名规范 | ### 标签系统 | ### 文档质量标准 | ## 常用开发命令 | ### ai-tools 项目 | ### MCP 相关项目 | # llm-mcp-http-helper | # mcp-health-checker | ### ai-meeting-web-next（会议助手） | ## 技术架构要点 | ### 1. 多语言混合架构 | ### 2. MCP 工具矩阵 | ### 3. Claude Skills 分类系统 | ### 4. 代码风格 | ### 5. Node.js 引擎要求 | ## 贡献流程 | ### PR Review 准则 | ## 项目配置 | ## 特殊工具 | ## MCP 服务器架构 | ### 通用 MCP 服务器模式 | ### 开发新 MCP 服务器的模板 | # 基础依赖 | # 开发依赖 | ## 技术栈详情 | ### 前端项目（Vue 3） | ### 前端项目（Next.js） | ### 后端项目（Node.js/TypeScript） | ## 代码质量工具 | ### ESLint 配置 | ### Prettier 配置
claude,brag/ai_claude_code/CLAUDE.md,corpus/claude/brag/ai_claude_code/CLAUDE.md,188,6501,5ece4d241c161be91472c81f565c6b36269f28496d5f22a508261c8ed150d261,"# Claude Code Configuration - RuFlo V3 | ## Behavioral Rules (Always Enforced) | ## File Organization | ## Project Architecture | ### Project Config | ## Build & Test | # Build | # Test | # Lint | ## Security Rules | ## Concurrency: 1 MESSAGE = ALL RELATED OPERATIONS | ## Swarm Orchestration | ### 3-Tier Model Routing (ADR-026) | ## Swarm Configuration & Anti-Drift | ## Swarm Execution Rules | ## V3 CLI Commands | ### Core Commands | ### Quick CLI Examples | ## Available Agents (60+ Types) | ### Core Development | ### Specialized | ### Swarm Coordination | ### GitHub & Repository | ### SPARC Methodology | ## Memory Commands Reference | # Store (REQUIRED: --key, --value; OPTIONAL: --namespace, --ttl, --tags) | # Search (REQUIRED: --query; OPTIONAL: --namespace, --limit, --threshold) | # List (OPTIONAL: --namespace, --limit) | # Retrieve (REQUIRED: --key; OPTIONAL: --namespace) | ## Quick Setup | ## Claude Code vs CLI Tools | ## Support"
claude,brag/ai_openclaw/CLAUDE.md,corpus/claude/brag/ai_openclaw/CLAUDE.md,266,7072,01a3ffddacea84ef359ffabe832056cbc0403e35b582e8109ac157461d8b4f5b,# CLAUDE.md | ## Project Overview | ## Repository Structure | ## Documentation Standards | ### File Naming Convention | ### Tagging System | ### Content Quality Standards | ## OpenClaw Core Architecture | ### Gateway Architecture | ### Agent System | ### Skills System (AgentSkills) | ### Available Tools | ### Multi-Channel Integration | ## Common OpenClaw Commands | ### Installation & Setup | # Install globally | # Run configuration wizard | # Start Gateway | ### Gateway Management | ### Agent Interaction | # Interactive session | # Single message | # With thinking level | ### Skills Management | ### Configuration | ### Chat Commands (in-session) | ## Configuration Locations | ## Security Best Practices | ## Minimum Configuration | ## Development Workflow for Documentation | ## Document Template | # 文档标题 | ## 目录 | ## 内容章节 | ## 相关资源 | ## Contributing | ## Related Resources
claude,brag/ai_tools/CLAUDE.md,corpus/claude/brag/ai_tools/CLAUDE.md,206,4010,1e8f7a4d3f2f52cb3c7d64597043c289aba2a409adcb9e797d449603bf4553dc,# CLAUDE.md | ## 项目概述 | ## 开发环境 | ### 核心命令 | # 开发服务器（端口 8765） | # 生产构建 | # 预览构建结果（端口 8766） | # 代码检查（自动修复） | # 代码格式化 | # 运行测试 | # 测试覆盖率报告 | ### Docker 部署 | # 构建镜像 | # 运行容器 | ## 技术架构 | ### 技术栈 | ### 目录结构 | ### 关键配置 | ## 数据模型 | ### 工具数据结构 | ### Store 架构 | ## 路由配置 | ## 代码规范 | ### ESLint（`.eslintrc.cjs`） | ### Prettier（`.prettierrc`） | ### Vue 组件规范 | ## 测试 | # 运行所有测试 | # 生成覆盖率报告 | ## 性能优化要点 | ## SEO 优化 | ## 添加新工具
claude,capa.io/CLAUDE.md,corpus/claude/capa.io/CLAUDE.md,146,4428,95d874bd5d455a5752945bbbf10af5967b14db323575a503bc4dd782445a1e98,# CLAUDE.md | ## Project Overview | ## Development Commands | ### Prerequisites | ### Setup | # Initialize git submodules (required for Docsy theme) | # Install npm dependencies | ### Local Development | # Run Hugo development server | # Run with draft content included | # Run with live reload (default binds to localhost:1313) | ### Build | # Build the site (output goes to docs/ directory) | # Build for production | ### Docker (Alternative) | # Run using Docker Compose | # Or build and run manually | ## Architecture | ### Hugo Configuration | ### Content Structure | ### Key Configuration Details | ### Static Assets | ### Deployment | ## Common Tasks | ### Adding New Documentation | ### Adding Blog Posts | ### Updating the Theme | # Update Docsy theme to latest version | ## Notes
claude,health-agent/CLAUDE.md,corpus/claude/health-agent/CLAUDE.md,170,7168,0c4ca5cd0360673675fb2ab45cc31285c99ccef21c65e2f5a6290af6b01ae68b,# CLAUDE.md | ## Project Overview | ## Commands | # All commands run from the app/ directory | ## Architecture | ### Page Structure (Single-Page App) | ### AI Service Layer (`src/services/`) | ### Backend: Supabase | ### Key Components (`src/components/`) | ### UI Framework | ### Path Aliases | ### Environment Variables | ### Deployment | ## Key Data Files | ### `aiConfig.ts` - Domain Knowledge | ### `PackageSection.tsx` - Package Data | ### `HospitalSection.tsx` - Hospital Data | ## Common Patterns | ### Age Propagation | ### Timer Cleanup Pattern | ### Safe Markdown Rendering | ## Accessibility Features | ## Known Limitations
claude,ikun/ikun-activity/CLAUDE.md,corpus/claude/ikun/ikun-activity/CLAUDE.md,192,4757,f2d3d83a5d37130790062a21d885977e21a7f9dfc4b8b9cb4dadb6adbde9e39e,# CLAUDE.md | ## 项目简介 | ## 开发注意事项 | ## 常用命令 | ### 数据库 | # 初始化 | # 执行迁移（按序号顺序） | # ... 依次执行到最新的 017_exchange_system.sql | ### 前端 | ### 后端 | # API 文档: http://localhost:8000/docs | ### 测试 | ### Docker | ## 架构概览 | ### 前端 (React 18 + Vite + Tailwind) | ### 后端 (FastAPI + SQLAlchemy Async) | ### 定时任务 (APScheduler) | ### 数据库迁移 | ### 关键业务流程 | ## 环境配置 | ## 开发规范
claude,kevinten10.github.io/CLAUDE.md,corpus/claude/kevinten10.github.io/CLAUDE.md,191,6697,ccf4a1ce5ee63e3678b03e18ea5a2c650cfd788c21d50fe69006baa3b6724bba,# CLAUDE.md | ## Project Overview | ## Common Commands | ### Local Development | # Start a local server (Python) | # Or use Node.js | # Or use PHP | ### Deployment | # Commit and push to main branch - GitHub Pages auto-deploys | ## Architecture & File Structure | ### Core Architecture | ### Key Directories | ### CSS Architecture | ### JavaScript Architecture | ### Service Worker | ## Content Management | ### Adding New Blog Posts | ### Homepage Customization | ## Technical Constraints | ### Browser Support | ### No Framework Constraints | ### Performance Considerations | ## Deployment Specifics | ### GitHub Pages Configuration | ### Deployment Checklist | ## Migration Notes | ## Code Style
claude,kevinten10.github.io/next-portfolio/CLAUDE.md,corpus/claude/kevinten10.github.io/next-portfolio/CLAUDE.md,1,11,336cc4fbf19beaada7ccf9986414fa91851a8d7a07dfb3ccbe800a69eed0ab49,
claude,kimi/CLAUDE.md,corpus/claude/kimi/CLAUDE.md,28,606,3a551499bb88de049a17c1c0bebe918d943f6cab6259cbc197d08cfbe54c8337,# Kimi AI Ideas 项目 | ## 项目结构 | ## 部署规则 | ## 仓库名规范 | ## 进度跟踪
claude,maichong/CLAUDE.md,corpus/claude/maichong/CLAUDE.md,105,4585,86c26f8e3d724f9bd4e111609c27b2ed0fcff5f059da58e298697a897dd07a35,# CLAUDE.md | ## Project Overview | ## Build & Dev Commands | ## Tech Stack | ## Configuration | ## Architecture | ### Source Code (`src/`) | #### `lib/` — Framework layer (zero domain knowledge) | #### `services/` — Business logic (no DOM) | #### `views/` — Page-level views (mounted by router) | #### `components/` — Reusable UI pieces | #### `styles/` — CSS modules imported via `styles/index.css` | ### Routes | ### Database | ## Deployment | ## Product Documents
claude,mcp-avatar/CLAUDE.md,corpus/claude/mcp-avatar/CLAUDE.md,53,2427,c29668fdd38d602e32ca0385d38d9e9c0956bccff6b2735120aa59c09a1f0a57,# CLAUDE.md — mcp-avatar | ## Project Overview | ## Architecture | ## Key Design Decisions | ## Provider Patterns | ### Hedra | ### D-ID | ## Common Pitfalls | ## Development
claude,mcp-image-gen/CLAUDE.md,corpus/claude/mcp-image-gen/CLAUDE.md,33,1438,0112d9e12f6ab97ad69cca7c7980d599122c0208dadb0a475a5a49c846918bc2,# CLAUDE.md — mcp-image-gen | ## Project Overview | ## Architecture | ## Key Design Decisions | ## Development | ## Common Pitfalls
claude,mcp-media-toolkit/CLAUDE.md,corpus/claude/mcp-media-toolkit/CLAUDE.md,32,1400,1133e4b2cd9b086c5ba592fad832e91463bb6ac07bf0ecc207427533a8ef5040,# CLAUDE.md — mcp-media-toolkit | ## Project Overview | ## Architecture | ## Key Design Decisions | ## Development | ## Common Pitfalls
claude,mcp-presentation/CLAUDE.md,corpus/claude/mcp-presentation/CLAUDE.md,33,1688,e2e6a0ef25d3ec511158f80df73908b3735db474b9f83bfaaaf77a1ec4d258b4,# CLAUDE.md — mcp-presentation | ## Project Overview | ## Architecture | ## Key Design Decisions | ## Development | ## Common Pitfalls
claude,mcp-social-publisher/CLAUDE.md,corpus/claude/mcp-social-publisher/CLAUDE.md,53,2425,a68f823e98af25aaf66e16d42fd4797452df6d344a3ca49764cea27d769f9eeb,# CLAUDE.md — mcp-social-publisher | ## Project Overview | ## Architecture | ## Key Design Decisions | ## Platform Patterns | ## Publishing Modes | ## Common Pitfalls | ## Development
claude,mcp-subtitle/CLAUDE.md,corpus/claude/mcp-subtitle/CLAUDE.md,47,3104,3a6688a190152ef653fd8dad6ee24c2f1dc18804dcedc1884d99d153c994a4ea,# CLAUDE.md -- mcp-subtitle | ## Project Overview | ## Architecture | ## Key Design Decisions | ## Tool Flow | ## Common Pitfalls | ## Development
claude,mcp-video-gen/CLAUDE.md,corpus/claude/mcp-video-gen/CLAUDE.md,54,3215,cf3dcb3e034ab905c9353992cb6d82bd73cfbe34f212b20afe01fb609e8f3e79,# CLAUDE.md — mcp-video-gen | ## Project Overview | ## Architecture | ## Key Design Decisions | ## Provider Patterns | ## Common Pitfalls | ## Development
claude,mcp-voice-clone/CLAUDE.md,corpus/claude/mcp-voice-clone/CLAUDE.md,46,2366,ae93b8354e5b54efc675a0eeb3e2907dfc5777c148bf4677dd31df2fada657a7,# CLAUDE.md — mcp-voice-clone | ## Project Overview | ## Architecture | ## Key Design Decisions | ## Provider Patterns | ## Common Pitfalls | ## Development
claude,minimind/CLAUDE.md,corpus/claude/minimind/CLAUDE.md,108,5949,2535955cb77cb39e2edb05b821a0f069a1f0ef9e7524f13cc1b80ab6e277e706,"# CLAUDE.md | ## Project Overview | ## Repository Structure | ## Common Commands | # Install dependencies | # Pretraining (single GPU) | # SFT (single GPU, loads pretrain weights by default) | # DDP multi-GPU training (any training script) | # LoRA fine-tuning | # DPO training | # RLAIF (PPO/GRPO/SPO) | # Reasoning model training | # Distillation | # Interactive inference | # OpenAI-compatible API server | # Streamlit web demo | # Convert to HF Transformers format | ## Model Variants | ## Architecture Details | ## Key Conventions"
claude,minimind/website/CLAUDE.md,corpus/claude/minimind/website/CLAUDE.md,1,11,336cc4fbf19beaada7ccf9986414fa91851a8d7a07dfb3ccbe800a69eed0ab49,
claude,openclawpool/CLAUDE.md,corpus/claude/openclawpool/CLAUDE.md,1,11,336cc4fbf19beaada7ccf9986414fa91851a8d7a07dfb3ccbe800a69eed0ab49,
claude,promotion-agent/CLAUDE.md,corpus/claude/promotion-agent/CLAUDE.md,100,3710,66eece5aca8bd6aaa0e2e621c6c61ed994fdef44860be4a149be5311d2a6c0f3,# CLAUDE.md — promotion-agent | ## Project Overview | ## Tech Stack | ## Architecture | ## Key Patterns | ### Adding a New Platform | ### Platform Class Pattern (httpx) | ### Sync Library Wrapping | ## Import Paths | ## Testing | ## MCP Tools (12) | ## Environment Variables
claude,spa-agent/CLAUDE.md,corpus/claude/spa-agent/CLAUDE.md,105,4798,4d354a0e8d2e4326826ff6f2106618945eb4834b13534795f37f31b66b1b7456,# CLAUDE.md | ## Project Overview | ## Commands | ## Architecture | ### Frontend (Expo Router file-based routing) | ### Backend (Express + tRPC) | ### Data Layer | ### Deployment (Vercel + Supabase) | ### Shared Code | ### Styling & Theme | ### Path Aliases | ## Key Conventions | ## Environment Variables (Vercel)
claude,spatial-memory/CLAUDE.md,corpus/claude/spatial-memory/CLAUDE.md,85,3361,ca1f3b2c1cc79f5d6c4c0dc568bad2a857d0743c726b9aa4aff1281a4450256e,# CLAUDE.md — Spatial Memory Network | ## What This Is | ## Tech Stack | ## Quick Start | ## Project Structure | ## Architecture | ## Key Design Decisions | ## Coding Conventions | ## Implementation Plan | ## Design Spec
claude,yuanjie/ai-product-playbook/CLAUDE.md,corpus/claude/yuanjie/ai-product-playbook/CLAUDE.md,67,3634,92a5f14d3a2ed54be38df4ae5e8de2658a4d7e5df2fa0dfd98a567831903f048,# CLAUDE.md | ## What This Repo Is | ## Directory Taxonomy | ## Content Conventions | ## Case Study Framework (07-案例研究) | ## Claude Code Skills Integration | ## When Editing This Repo
claude,yuanjie-ar/CLAUDE.md,corpus/claude/yuanjie-ar/CLAUDE.md,94,4443,cc26a2ccdf2f99e8e56e28e043c54a93cc76166d148c3c28b4d7bafa76535aa3,# CLAUDE.md | ## Project Overview | ## Repository Contents | ### UI Mockups (C-end Mobile Interface) | ### Requirements | ### Review & Optimization Documents | ### Technical Research (调研) | ### API Documentation (docs/) | ## Tech Stack (Confirmed) | ## Key Design Decisions | ## Known Issues | ## Notes
claude,yuanjie-ar-weapp/CLAUDE.md,corpus/claude/yuanjie-ar-weapp/CLAUDE.md,65,2069,4967cea81ab1df084528d71b52d69b5bcd43eefcc8d8eb02f6598cf36f1bd871,# CLAUDE.md | ## Project Overview | ## Common Commands | # Development | # Build | # Install dependencies | ## Project Structure | ## Key Configuration Notes | ## Coding Standards | ## Common Issues
